<component>
<name>CMSfwSensorsRPi</name>
<version>1.3.2</version>
<date>2018/8/1</date>
<required>fwTrending=3.3.4</required>
<required>fwDIM=19.03</required>
<required>fwDIP=5.1.1</required>
<file>./scripts/CMSfwSensorsRPi/rpiMeasProgStatusScript.ctl</file>
<file>./panels/CMSfwSensorsRPi/CMSfwSensorsRPi_BaroPressMQN.pnl</file>
<file>./panels/CMSfwSensorsRPi/CMSfwSensorsRPi_BaroPressSX5.pnl</file>
<file>./panels/CMSfwSensorsRPi/CMSfwSensorsRPi_BaroPressUGX.pnl</file>
<file>./panels/CMSfwSensorsRPi/CMSfwSensorsRPi_BaroPressUXC.pnl</file>
<file>./panels/CMSfwSensorsRPi/CMSfwSensorsRPi_BaroPressUXCv2.pnl</file>
<file>./panels/CMSfwSensorsRPi/CMSfwSensorsRPi_Main.pnl</file>
<file>./panels/CMSfwSensorsRPi/CMSfwSensorsRPi_WaterCoolPressureUXC.pnl</file>
<file>./panels/CMSfwSensorsRPi/CMSfwSensorsRPi_WaterCoolPressureUXC_DCS.pnl</file>
<file>./panels/CMSfwSensorsRPi/objects/CMSfwSensorsRPi_SetValue.pnl</file>
<file>./panels/CMSfwSensorsRPi/objects/CMSfwSensorsRPi_TrendValue.pnl</file>
<file>./scripts/libs/CMSfwSensorsRPi/rpi_dimConnection.ctl</file>
<file>./scripts/libs/CMSfwSensorsRPi/rpi_libs.ctl</file>
<file>./scripts/libs/CMSfwSensorsRPi/rpi_smsEmailSend.ctl</file>
<dplist>./dplist/CMSfwSensorsRPi/CMSfwSensorsRPi.dpl</dplist>
<postInstall>./scripts/CMSfwSensorsRPi/CMSfwSensorsRPi.postinstall</postInstall>
<file>./CMSfwSensorsRPi.xml</file>
</component>
